name,family,kind,relative_energy_error_kcal_mol,force_rms_eV_angstrom,force_atom_max_eV_angstrom,raw_force_limits_passed,projected_force_limits_passed,projected_rms_eV_angstrom,projected_atom_max_eV_angstrom,cap_raw_force_error_eV_angstrom,model_interaction_kcal_mol,quantum_interaction_kcal_mol,interaction_error_kcal_mol,contact_minus_separated_error_kcal_mol,net_ligand_force_error_eV_angstrom,net_ligand_force_limit_passed,capture_index,contact_capture_index
acetamide--20,acetamide,conformer,-0.12066594475143932,0.02019552191179698,0.05248549835037993,True,True,,,,,,,,,,11,
acetamide-0,acetamide,conformer,0.0,0.011004541455073147,0.03539592963353442,True,True,,,,,,,,,,12,
acetamide-20,acetamide,conformer,-0.13363900647612634,0.02024662764671507,0.05315263682052771,True,True,,,,,,,,,,13,
butane--60,butane,conformer,0.110879321761245,0.005010695884283067,0.017221391790870674,True,True,0.0033301511267881524,0.017221391790870674,0.005441089534252504,,,,,,,4,
butane-120,butane,conformer,0.2862252841618341,0.011417660970362963,0.040233716633922466,True,True,0.007718686388308382,0.040233716633922466,0.005081611439345454,,,,,,,5,
butane-180,butane,conformer,0.0,0.0022950315455721863,0.006413494388950435,True,True,0.0015655546541573147,0.00726501767421732,0.0022823884653755556,,,,,,,6,
butane-60,butane,conformer,0.1721451341034978,0.00683743664049855,0.0203198863086289,True,True,0.004648653345195868,0.021267725513984443,0.0058530411100354415,,,,,,,7,
butane-acetamide-d3.4-r0,butane-acetamide,contact,,0.014288611611253962,0.07325095752377234,True,True,0.010790664999445603,0.07325095752377234,0.007396967861080331,-0.5906287429755888,-0.827192736685634,0.2365639937100451,0.2369002566403971,0.02854116182371819,True,14,0
butane-acetamide-d3.8-r0,butane-acetamide,contact,,0.010475554117702977,0.059834206599397824,True,True,0.007943593715443377,0.059834206599397824,0.0034144143380151802,-0.41924240445450167,-0.7904799452020802,0.3712375407475786,0.3715738036779306,0.007469730037057326,True,15,1
butane-acetamide-d3.8-r60,butane-acetamide,contact,,0.009758443679010416,0.053905207492905734,True,True,0.007417700935976422,0.053905207492905734,0.005807103765271921,-0.4871661378211835,-0.9427701030293814,0.4556039652081979,0.4559402281385499,0.01316494235662484,True,16,2
butane-acetamide-d4.5-r0,butane-acetamide,contact,,0.00910685545732142,0.05114338944629071,True,True,0.006918563730063607,0.05114338944629071,0.0038425167366156745,-0.0007377172444980898,-0.4158490293747861,0.415111312130288,0.41544757506064,0.01284786626044444,True,17,3
butane-acetamide-separated,butane-acetamide,separated,,0.007119478211173714,0.03535554669192351,True,True,0.005403528640799061,0.03535554669192351,0.002280907403145089,2.7823929690950002e-11,0.0003362629581759212,-0.0003362629303519915,0.0,0.0002077422683307087,True,18,4
butane-methanol-d3.4-r0,butane-methanol,contact,,0.01059236633379471,0.03991735408608524,True,True,0.0076831950546501805,0.03991735408608524,0.005520367951886181,-0.5605117659856669,-0.841248134222553,0.2807363682368861,0.27971275779151533,0.002660369257508401,True,19,5
butane-methanol-d3.8-r0,butane-methanol,contact,,0.006821606642002171,0.02455786683373317,True,True,0.0049903703276464985,0.02455786683373317,0.0026723380126689833,-0.3553507601801995,-0.751684284029995,0.39633352384979553,0.3953099134044248,0.013870463289023307,True,20,6
butane-methanol-d3.8-r60,butane-methanol,contact,,0.006982471139458082,0.02638553454871115,True,True,0.005203175864646622,0.02638553454871115,0.008017010114523628,-0.3517568120462455,-0.5999308854488862,0.24817407340264075,0.24715046295727003,0.009946186319176103,True,21,7
butane-methanol-d4.5-r0,butane-methanol,contact,,0.00460249706298991,0.01815241280529215,True,True,0.0033934464704518997,0.01815241280529215,0.0028173464996985777,-0.014693318233699725,-0.37559931401081426,0.3609059957771145,0.35988238533174377,0.011684788249976876,True,22,8
butane-methanol-separated,butane-methanol,separated,,0.003423836716537013,0.013184760561948238,True,True,0.002529194694556959,0.013184760561948238,0.002279397901326901,-4.1735894536425e-11,-0.0010236104871066247,0.0010236104453707302,0.0,3.0427344124591885e-05,True,23,9
ethanol--60,ethanol,conformer,0.09250481532624856,0.005946220571086353,0.016317561558679687,True,True,0.0035421177212366537,0.01768861897801283,0.00840437450028425,,,,,,,0,
ethanol-120,ethanol,conformer,0.07496240304105863,0.00868231926070351,0.0311737534219075,True,True,0.004915074253191894,0.028984588931542765,0.004620027354865951,,,,,,,1,
ethanol-180,ethanol,conformer,0.0,0.004595285757735607,0.014355133433329073,True,True,0.002716484122116552,0.01488832806598519,0.00373225649122358,,,,,,,2,
ethanol-60,ethanol,conformer,0.09299864811977696,0.005764260326538079,0.016200523578722172,True,True,0.003356851095546155,0.016200523578722172,0.002650683090657399,,,,,,,3,
ethanol-acetamide-d2.6-r0,ethanol-acetamide,contact,,0.015599319404479554,0.06274004803184081,True,True,0.011027778746496016,0.06274004803184081,0.018278896755115005,-4.160046701075332,-3.8349037935939947,-0.32514290748133784,-0.33670764762140726,0.02247381089778025,True,24,10
ethanol-acetamide-d3-r0,ethanol-acetamide,contact,,0.018983191838624312,0.0779395211896699,True,True,0.013611069172280003,0.0779395211896699,0.004741623018376597,-5.862914574109721,-5.635922462348897,-0.22699211176082376,-0.23855685190089315,0.03976289531932941,True,25,11
ethanol-acetamide-d3-r60,ethanol-acetamide,contact,,0.01711597118139635,0.05943657678084464,True,True,0.012241964829864232,0.05943657678084464,0.00807274275171788,-5.968205614613563,-5.66276826004406,-0.3054373545695032,-0.31700209470957263,0.011846627305348342,True,26,12
ethanol-acetamide-d3.5-r0,ethanol-acetamide,contact,,0.011289071389277813,0.04858578501944217,True,True,0.008031832759764913,0.04858578501944217,0.01304044067671598,-3.774369256115736,-3.992982082435973,0.21861282632023765,0.20704808618016826,0.026086717305445675,True,27,13
ethanol-acetamide-separated,ethanol-acetamide,separated,,0.008281171776196089,0.034132530269872514,True,True,0.005944926082089604,0.034132530269872514,0.003634730859497547,2.7823929690950002e-11,-0.011564740112245467,0.011564740140069397,0.0,0.0001227541092198256,True,28,14
ethanol-methanol-d2.6-r0,ethanol-methanol,contact,,0.02132607514964788,0.08661313947506097,True,True,0.014514474163719775,0.08661313947506097,0.012470065933144784,1.3184155877491497,1.1129884362204292,0.20542715152872043,0.19905514574171637,0.03300552066546605,True,29,15
ethanol-methanol-d3-r0,ethanol-methanol,contact,,0.01853980537523426,0.07598172078366748,True,True,0.01271505247712271,0.07598172078366748,0.010166246112151726,-2.48859885811637,-2.7601503758781623,0.2715515177617923,0.2651795119747883,0.03417722831909199,True,30,16
ethanol-methanol-d3-r60,ethanol-methanol,contact,,0.00994982199780593,0.028898280327282613,True,True,0.006845199853176696,0.028898280327282613,0.005160028156242088,-5.060604311821089,-5.072951385558603,0.012347073737513202,0.005975067950509146,0.009638336357187107,True,31,17
ethanol-methanol-d3.5-r0,ethanol-methanol,contact,,0.012234002587243123,0.042439107380337265,True,True,0.008416857153965649,0.042439107380337265,0.010604791971696451,-1.8723591887983084,-2.2857984647365823,0.41343927593827406,0.40706727015127003,0.019161186605383476,True,32,18
ethanol-methanol-separated,ethanol-methanol,separated,,0.0047787374321859605,0.014321930738364148,True,True,0.003282922060177523,0.014888683623298996,0.0036563101259061135,-4.1735894536425e-11,-0.00637200582873995,0.006372005787004056,0.0,4.751933995142808e-05,True,33,19
methanol-baseline,methanol,conformer,0.0,0.005167024680970511,0.013195424992945437,True,True,,,,,,,,,,8,
methanol-oh60,methanol,conformer,-0.044811182139204535,0.012528728399693476,0.025585198931729253,True,True,,,,,,,,,,9,
methanol-stretch003,methanol,conformer,-0.0027243591799181715,0.004774985097129703,0.012206058993083396,True,True,,,,,,,,,,10,
