name,attraction_required,attraction_passed,repulsion_required,repulsion_passed,model_interaction_kcal_mol,quantum_interaction_kcal_mol,model_ligand_approach_force_eV_angstrom,quantum_ligand_approach_force_eV_angstrom
butane-acetamide-d3.4-r0,False,True,True,True,-0.5906287429755888,-0.827192736685634,0.01022328933964338,0.038755568205889664
butane-acetamide-d3.8-r0,False,True,False,True,-0.41924240445450167,-0.7904799452020802,-0.029801869310232685,-0.02331915816364327
butane-acetamide-d3.8-r60,False,True,False,True,-0.4871661378211835,-0.9427701030293814,-0.031719684998352246,-0.01977425193301479
butane-acetamide-d4.5-r0,False,True,False,True,-0.0007377172444980898,-0.4158490293747861,-0.005714415782680656,-0.018548946068769948
butane-acetamide-separated,False,True,False,True,2.7823929690950002e-11,0.0003362629581759212,4.419129207198202e-16,-9.911936089268666e-05
butane-methanol-d3.4-r0,False,True,True,True,-0.5605117659856669,-0.841248134222553,0.024218318274180205,0.026543506232509013
butane-methanol-d3.8-r0,False,True,False,True,-0.3553507601801995,-0.751684284029995,-0.03937388958427506,-0.025547166738150422
butane-methanol-d3.8-r60,False,True,False,True,-0.3517568120462455,-0.5999308854488862,0.019750855936628026,0.029681404189158826
butane-methanol-d4.5-r0,False,True,False,True,-0.014693318233699725,-0.37559931401081426,-0.006139915290121236,-0.017820535302871157
butane-methanol-separated,False,True,False,True,-4.1735894536425e-11,-0.0010236104871066247,-1.288744880109878e-16,5.053125594006871e-06
ethanol-acetamide-d2.6-r0,True,True,True,True,-4.160046701075332,-3.8349037935939947,0.7153417763164704,0.6958140208354099
ethanol-acetamide-d3-r0,True,True,False,True,-5.862914574109721,-5.635922462348897,-0.12019076078812262,-0.08088039663171556
ethanol-acetamide-d3-r60,True,True,False,True,-5.968205614613563,-5.66276826004406,-0.10749815029957616,-0.09616904416744178
ethanol-acetamide-d3.5-r0,True,True,False,True,-3.774369256115736,-3.992982082435973,-0.17388481524006655,-0.14808618118933337
ethanol-acetamide-separated,False,True,False,True,2.7823929690950002e-11,-0.011564740112245467,-2.1724556550423655e-16,8.951137407023883e-05
ethanol-methanol-d2.6-r0,False,True,True,True,1.3184155877491497,1.1129884362204292,1.0443920884840117,1.022869190217316
ethanol-methanol-d3-r0,True,True,False,True,-2.48859885811637,-2.7601503758781623,0.036547783907005735,0.06796694619261656
ethanol-methanol-d3-r60,True,True,False,True,-5.060604311821089,-5.072951385558603,-0.07270617086938543,-0.07285792243696794
ethanol-methanol-d3.5-r0,True,True,False,True,-1.8723591887983084,-2.2857984647365823,-0.09911739263398506,-0.08014245710967244
ethanol-methanol-separated,False,True,False,True,-4.1735894536425e-11,-0.00637200582873995,-2.0619918081758047e-16,-4.3745620738101716e-05
