name,atom_count,status,recovered,coordinator_exit,worker_wall_seconds,coordinator_wall_seconds,runtime_memory,peak_worker_rss_gib,scf_converged_in_log,record_sha256
acetamide--20,9,computed,True,,109.27954778700223,,5 GiB,,True,c4bbc12e66c98e63d7736762162b0845d1c8092575159edbd26fea44175b9758
acetamide-0,9,computed,True,,101.48503201800486,,5 GiB,,True,39b4ca855c763906e7719ada576897f49c9761af9a4b281f5338fc36f1e49804
acetamide-20,9,computed,True,,101.15577743599715,,5 GiB,,True,cd8ba6da7f4523cf6bfd2ebbd92b27e3c11eae18024979fb7da36fec5a8487fb
butane--60,14,computed,True,,242.72435092499654,,5 GiB,,True,a2fd934b5449b02a79da7dcdb1d1e839f6fe034d5cff466143f9a1c764cf9052
butane-120,14,computed,True,,231.7612752979985,,5 GiB,,True,c767441b2f64cf0a3fcd866e366b0babca57cb2b0ae5e0926cf9eb73c495e91a
butane-180,14,computed,True,,231.8499852140012,,5 GiB,,True,b5145fbe5a4f3f5181ba6baa41a8ffc24926cd957ad11875440e23497aa2403b
butane-60,14,computed,True,,218.25502393199713,,5 GiB,,True,f502f4e81fc4ab286d9bcbeb318670f87e3b016e7762f70f99ac787347a44fc4
butane-acetamide-d3.4-r0,23,computed,True,,695.4815089879994,,5 GiB,,True,4eb702e194785a2ff5dfc5a7cac2cd26ddcfe13531f0a9b7e61016d8138a91e9
butane-acetamide-d3.8-r0,23,computed,False,0,718.5499580149999,719.20707567,3 GiB,4.106227874755859,True,f75a3beb7a6b353273cd0e1924a8e3bd313ed2508add9eb40ef4646806bec8b5
butane-acetamide-d3.8-r60,23,computed,False,0,927.9460795709997,929.6861413080001,3 GiB,4.151397705078125,True,90233a8a1b4f338ca7508fd2975be6fb56a8f71525b16f611411aa0ffa750254
butane-acetamide-d4.5-r0,23,computed,False,0,704.1169301790001,704.8405484720001,3 GiB,4.184696197509766,True,2c766f5e6c3094d25dd25b8c515b6aa175c627f46a32681eada3424c9c039640
butane-acetamide-separated,23,computed,False,0,491.7242365750003,492.54537341499963,3 GiB,4.311397552490234,True,cb0985bb90e26586e6eda8358aeeedf395c64c38564e990fe9341522a089ee79
butane-methanol-d3.4-r0,20,computed,False,0,489.7009968319999,491.12063232499986,3 GiB,4.415393829345703,True,ac615cd16b324be1f0aacd2b83abe891fda967d93ce200188ddd1003ec936150
butane-methanol-d3.8-r0,20,computed,False,0,676.6345272820008,677.8048452770008,3 GiB,4.3274993896484375,True,8eed760ec83a7c9c759ee6697a52a8e2a5b111dedba0abfc52e4ebb8fef5b1f2
butane-methanol-d3.8-r60,20,computed,False,0,533.7458476049997,535.4545249869998,3 GiB,4.366279602050781,True,266f88621b9468d7b12846c1a11472337a64bcce1659fcd624da8a248d9a96b4
butane-methanol-d4.5-r0,20,computed,False,0,545.5502350509996,546.5730262919997,3 GiB,4.472328186035156,True,75366662100f7534d813a4c090501f9c1bacb7219bfd9a61b9b79ffce871b517
butane-methanol-separated,20,computed,False,0,394.2245211790005,395.89894935699976,3 GiB,2.9183273315429688,True,12bce7b67be2fb408217cb38a3aab2ba639b94d413dc1d80552b163b9be3cd69
ethanol--60,9,computed,False,0,95.39381183499972,96.47910777699963,3 GiB,2.35565185546875,True,fe39a0e85d06a163908a017b8a7e4616513d3a54503b8e2c3590f23c7fc5a8e8
ethanol-120,9,computed,False,0,88.3107870900003,89.51285607199952,3 GiB,2.3445777893066406,True,0f787da1bf9e7ae0051597c86803a7209fb2211f336e7e490add2a9a5adc925b
ethanol-180,9,computed,False,0,95.79742040000019,96.98911596400012,3 GiB,2.3211135864257812,True,52c25f41757b4588682583e07ac2ebdbb4778d4c66348fb2cbf0466ed517f5d4
ethanol-60,9,computed,False,0,107.62959201400008,108.88106680999954,3 GiB,2.339000701904297,True,ba99fdae920ff38e8fd9cc0d39b144a3ad15d9083f81a945abba924385a67eee
ethanol-acetamide-d2.6-r0,18,computed,False,0,594.2221005029996,596.1129820609995,3 GiB,4.231758117675781,True,a88f1cdbdb47634e11f90c27475b5f3cb779b136914dc8c030da27f81771554f
ethanol-acetamide-d3-r0,18,computed,False,0,633.9505087420002,635.2105681889989,3 GiB,4.371826171875,True,e92a102b7e41c8f2ada86f6dbb31aab4484099f482217f761562b24dd5b01c5a
ethanol-acetamide-d3-r60,18,computed,False,0,502.6073647430003,503.6727734690012,3 GiB,4.295368194580078,True,d0e7e71f85c13e3343d253c194b8c0a5b5ad626aef26f623e434d44794d4dab8
ethanol-acetamide-d3.5-r0,18,computed,False,0,488.35328347500035,490.2227388779993,3 GiB,4.304351806640625,True,1fe003e81c6cec73b40c40db3f5045c94b143939e680df234b9e16dac899a4bd
ethanol-acetamide-separated,18,computed,False,0,377.9548945059996,378.68270051999934,3 GiB,3.0944786071777344,True,6a5733d89f9777bd45e5c67ce76938a17f8f02bfdb8205ea69daaa40b0aafcd6
ethanol-methanol-d2.6-r0,15,computed,False,0,279.92392806799944,281.0602323610001,3 GiB,2.6343345642089844,True,b4249b2ebf855e95778edc212d3bb5507e6673bc9758f30ac6cc7d5424837ab5
ethanol-methanol-d3-r0,15,computed,False,0,263.751554724,264.90879067700007,3 GiB,2.630268096923828,True,ae421d5119c54ca6827c27b3b87a07a3cdbb2b0acf8d046f7c260dd9c37c9214
ethanol-methanol-d3-r60,15,computed,False,0,441.50074307700015,443.0413830030011,3 GiB,2.6302566528320312,True,d03acc072655fba3e397e41fb933c151c9e891b6810e25d18f809db614bfbbe0
ethanol-methanol-d3.5-r0,15,computed,False,0,366.45967903199926,367.99917674800054,3 GiB,2.636371612548828,True,c295021c5c86e6d965bd47775b99b5c306a24533f8d0dfe52fdf70270a386cdf
ethanol-methanol-separated,15,computed,False,0,214.64686013199935,216.14939627500098,3 GiB,2.696826934814453,True,5d2c414f05b636954b7ec63a88f51c9df4bc52fe633744d1a34d2ab424f2fead
methanol-baseline,6,computed,False,0,45.48718531400118,46.40286798099987,3 GiB,1.9918251037597656,True,48b263f2f5480dcf3a2037393fb6a163c0b69b7df3d036b2426be2d766e60b8f
methanol-oh60,6,computed,False,0,48.942446842998834,50.2215623639986,3 GiB,2.0249404907226562,True,d5098504f58776dbdac837b67b51d308ca75affaa0cd6cdf593c9c784b2f00e1
methanol-stretch003,6,computed,False,0,45.25228754999989,46.204001310999956,3 GiB,2.0314788818359375,True,4d076cbf7bd0d989d496ca0dd74be806cf7b59afa3e9cc8d5b215e47d2d1abf0
acetamide-0-rotation-0,9,computed,False,0,172.1365951459993,173.06968035300088,3 GiB,2.5606422424316406,True,2434aced571bf0ac8a2cc739f9731c0b32b54790deb817bc0f1dc98449a8681c
acetamide-0-rotation-1,9,computed,False,0,170.78921798100055,171.82443712999884,3 GiB,2.5591506958007812,True,297076bab4146567c20759832837ff62ade0e5082b4ae4b54b53b44480587088
acetamide-0-rotation-2,9,computed,False,0,147.1398313110003,147.73596082100084,3 GiB,2.563579559326172,True,9dd288c9f7545fd57bfe1529282af63581f08a717af05dd58d4c95499e62b66f
acetamide-0-rotation-3,9,computed,False,0,104.26042694600073,105.76647803099877,3 GiB,2.5579605102539062,True,2f235f4546b72266d4c25560cee6998615eb329f4248902da0b0761252b57f7b
butane-180-rotation-0,14,computed,False,0,260.8781160609997,261.97158790899994,3 GiB,2.5691070556640625,True,b43dd2de8968427387a2346de570a90498bd413e224aa395b29618f4a0547a0a
ethanol-180-rotation-0,9,computed,False,0,110.88791117399887,111.88918101099989,3 GiB,2.3173828125,True,6af05a8c418ffdc934d70dfef0a2a24bc2c61865f7bb10f038750797ebecf7ca
methanol-baseline-rotation-0,6,computed,False,0,49.718289890999586,50.26014896800007,3 GiB,2.000782012939453,True,67ab65b4536cccbcece9550225bcb4ec183258cd680ccf4aec9ae56fc6edf6a0
methanol-baseline-rotation-1,6,computed,False,0,48.01917864399911,49.2867256569989,3 GiB,2.0045928955078125,True,f26cb271e623e7399d3814315730b654395afafefea07d4ee46531d3ebe777e8
methanol-baseline-rotation-2,6,computed,False,0,51.19725935000133,52.282252569000775,3 GiB,2.023284912109375,True,8d95bfbc286dbd2c106156a5f4bb2957d5a501d75ba58b3ba46d62e50929ef1f
methanol-baseline-rotation-3,6,computed,False,0,49.99498882400076,50.41562509100004,3 GiB,1.9914512634277344,True,830b64fe6cb35560357333dd291efe2c5eda21745de148e6a43fa499a227e1c9
acetamide-0-fine-grid,9,computed,False,0,590.2290848459998,591.7052026239999,3 GiB,2.6868934631347656,True,9ef4e2f586a112c71e8482c0c55bc6e97bb9e2079030f3e255ec04f269abcce0
ethanol-acetamide-d3-r0-fine-grid,18,computed,False,0,1518.8177250999997,1520.5003794759996,3 GiB,4.67095947265625,True,b69b85be804a9d1835015ec261e73861a581f053b211f5e9a3ab30749fb48b2a
