kind,name,energy_error_kcal_mol,force_rms_eV_angstrom,force_max_eV_angstrom
fine-grid,acetamide-0,1.2615564489384568e-05,4.6777492913751695e-05,0.00022341431176649322
fine-grid,ethanol-acetamide-d3-r0,5.8056883038472145e-05,3.716945240052191e-05,0.00016381810553484633
monomer-rotation,acetamide-0-rotation-0,2.4106791803887538e-05,3.424015255283269e-07,1.3855554643695024e-06
monomer-rotation,acetamide-0-rotation-1,2.8377319828573306e-05,5.177865808375927e-07,1.55205334274546e-06
monomer-rotation,acetamide-0-rotation-2,2.4343350854119995e-05,5.095001825393433e-07,1.6801801961076905e-06
monomer-rotation,acetamide-0-rotation-3,1.2967314608537558e-05,1.9155372612318547e-07,7.571057110573903e-07
monomer-rotation,butane-180-rotation-0,8.921743055403118e-08,6.817771843372941e-07,1.6606505475345148e-06
monomer-rotation,ethanol-180-rotation-0,6.711507464507968e-06,2.7206665094820357e-07,6.811117717678235e-07
monomer-rotation,methanol-baseline-rotation-0,2.1506228215322894e-06,5.717927083286895e-08,1.3170843822815116e-07
monomer-rotation,methanol-baseline-rotation-1,9.311695430021783e-07,6.305256259926181e-08,1.3122314590736798e-07
monomer-rotation,methanol-baseline-rotation-2,1.5224141369700203e-06,1.7543232716062524e-08,4.7215518470101144e-08
monomer-rotation,methanol-baseline-rotation-3,7.219335917262342e-07,7.22074149746419e-08,1.450641808200213e-07
